id,name,model_id:id,group_id:id,perm_read,perm_write,perm_create,perm_unlink
access_discipline_case,access_discipline_case,model_discipline_case,base.group_user,1,1,1,1
access_discipline_offence,access_discipline_offence,model_discipline_offence,base.group_user,1,1,1,1
access_discipline_misbehaviour,access_discipline_misbehaviour,model_discipline_misbehaviour,base.group_user,1,1,1,1
access_discipline_grievance,access_discipline_grievance,model_discipline_grievance,base.group_user,1,1,1,1
access_discipline_grievance_category,access_discipline_grievance_category,model_discipline_grievance_category,base.group_user,1,1,1,1