<odoo>
  <record id="model_discipline_case" model="ir.model">
    <field name="name">Discipline Case</field>
    <field name="model">discipline.case</field>
  </record>
  <record id="model_discipline_offence" model="ir.model">
    <field name="name">School Offence</field>
    <field name="model">discipline.offence</field>
  </record>
  <record id="model_discipline_misbehaviour" model="ir.model">
    <field name="name">Misbehaviour Category</field>
    <field name="model">discipline.misbehaviour</field>
  </record>
  <record id="model_discipline_grievance" model="ir.model">
    <field name="name">Student Grievance</field>
    <field name="model">discipline.grievance</field>
  </record>
  <record id="model_discipline_grievance_category" model="ir.model">
    <field name="name">Grievance Category</field>
    <field name="model">discipline.grievance.category</field>
  </record>
</odoo>