id,name,model_id:id,group_id:id,perm_read,perm_write,perm_create,perm_unlink
discipline_case_user,access_discipline_case_user,model_discipline_case,base.group_user,1,1,1,1
offence_user,access_offence_user,model_discipline_offence,base.group_user,1,1,1,1
misbehaviour_user,access_misbehaviour_user,model_discipline_misbehaviour,base.group_user,1,1,1,1
grievance_user,access_grievance_user,model_discipline_grievance,base.group_user,1,1,1,1
grievance_category_user,access_grievance_category_user,model_discipline_grievance_category,base.group_user,1,1,1,1